Geo_Cluster_KMeans,risk_score
1,100.0
3,71.4834872078917
5,51.61666119802406
2,51.35296224830447
4,48.4062167930475
0,38.48198508716213
