Arrest,proportion
False,83.51326460648401
True,16.486735393515982
