Domestic,proportion
False,80.48790383109585
True,19.512096168904144
